k = 5, R = 369, T = 0
CLUSTER-0 {size: 56, medoid: item321}
CLUSTER-1 {size: 87, medoid: item231}
CLUSTER-2 {size: 85, medoid: item198}
CLUSTER-3 {size: 41, medoid: item7}
CLUSTER-4 {size: 52, medoid: item291}
clustering_time: 4.76389 //in seconds
Silhouette: [0.402421,0.11915,0.131551,0.233881,0.350374,0.247475]

Cluster 0: 321	41	42	89	90	101	102	121	123	124	139	140	151	152	182	184	187	188	189	190	191	192	228	243	247	248	249	250	252	257	258	259	260	279	280	305	306	313	322	227	204	244	251	314	85	86	111	122	112	119	167	175	183	241	242	265	266	
Cluster 1: 231	1	2	3	4	9	14	24	25	26	27	28	29	30	35	36	45	50	55	56	60	63	64	71	97	98	103	104	105	106	107	108	110	134	137	138	146	153	155	156	159	160	177	178	232	239	240	287	297	298	299	300	303	304	315	316	133	10	13	23	37	38	46	57	61	72	96	100	109	116	117	118	145	149	150	154	173	174	199	200	219	220	229	230	288	289	290	59	
Cluster 2: 198	77	114	238	11	21	22	34	67	68	69	70	75	76	78	81	82	83	93	94	113	120	128	141	144	157	158	161	165	166	169	170	176	181	197	203	205	206	207	223	237	253	254	273	274	301	302	307	308	309	310	168	12	84	142	171	261	262	317	324	208	33	79	224	20	32	53	54	74	125	132	162	172	217	218	221	222	235	236	255	256	293	294	323	73	269	
Cluster 3: 7	211	5	6	8	15	16	17	18	19	31	39	40	49	58	62	66	80	87	88	95	99	115	126	129	130	131	143	185	186	195	196	209	210	213	214	295	296	311	312	318	65	
Cluster 4: 291	48	127	193	194	201	202	215	216	225	226	43	47	51	52	91	92	135	136	147	148	163	164	179	180	212	233	234	245	246	263	264	267	268	270	271	272	275	276	277	278	281	282	283	284	285	286	292	319	320	325	326	44	
k = 5, R = 369, T = 1
CLUSTER-0 {size: 191, medoid: item176}
CLUSTER-1 {size: 47, medoid: item296}
CLUSTER-2 {size: 35, medoid: item236}
CLUSTER-3 {size: 16, medoid: item318}
CLUSTER-4 {size: 32, medoid: item80}
clustering_time: 4.78307 //in seconds
Silhouette: [0.199,0.261522,0.0583789,0.307105,0.260801,0.217361]

Cluster 0: 176	3	4	7	8	11	12	15	16	17	18	27	28	29	30	36	41	42	45	46	48	51	56	59	60	63	64	65	66	67	68	69	70	71	72	73	74	75	76	81	82	83	84	87	88	89	90	91	92	97	98	99	100	103	104	105	106	109	110	111	115	116	117	118	121	122	123	124	137	138	143	144	145	146	147	148	153	154	157	158	165	166	167	168	169	170	173	174	175	180	181	182	183	184	185	186	187	188	189	190	191	192	193	194	199	200	201	202	203	204	205	207	208	211	212	215	216	217	218	219	220	221	222	223	224	225	226	227	228	231	232	233	234	237	238	239	240	241	242	243	244	245	246	247	248	249	250	251	252	255	256	257	258	259	260	261	262	267	268	271	272	273	274	277	278	279	280	281	282	283	284	287	288	291	292	299	300	305	306	309	310	311	312	313	314	321	322	325	326	112	5	6	
Cluster 1: 296	37	38	95	151	152	253	254	269	270	285	286	21	22	23	24	129	130	132	142	161	162	263	264	295	141	316	43	44	96	101	102	230	302	93	94	107	108	149	150	195	196	197	198	303	304	319	320	
Cluster 2: 236	9	10	31	32	35	49	50	52	119	120	133	134	155	156	179	13	14	19	20	33	34	265	293	294	61	62	113	114	126	235	307	308	125	54	266	
Cluster 3: 318	206	25	26	47	53	55	57	58	127	128	163	164	229	301	315	317	
Cluster 4: 80	39	1	85	323	324	2	40	77	78	79	86	131	135	139	140	159	160	171	172	177	178	210	213	214	275	276	289	290	297	298	209	136	
k = 5, R = 369, T = 2
CLUSTER-0 {size: 76, medoid: item73}
CLUSTER-1 {size: 66, medoid: item21}
CLUSTER-2 {size: 33, medoid: item256}
CLUSTER-3 {size: 38, medoid: item4}
CLUSTER-4 {size: 108, medoid: item181}
clustering_time: 4.77881 //in seconds
Silhouette: [0.162706,0.0811519,0.250722,0.188789,0.152161,0.167106]

Cluster 0: 73	7	8	11	12	31	32	41	42	67	68	72	83	84	91	92	115	116	117	118	121	122	130	137	138	169	170	183	184	189	190	195	196	199	203	204	208	209	210	221	222	228	238	239	241	242	243	244	247	248	249	250	253	254	259	260	261	262	275	276	279	280	283	284	297	298	299	300	305	306	309	310	311	312	74	237	288	
Cluster 1: 21	13	14	22	26	33	34	37	38	43	44	53	54	57	58	78	85	86	113	127	128	131	139	141	142	159	160	161	162	163	164	173	174	213	214	229	230	235	236	282	289	290	315	316	317	318	319	323	324	320	27	28	55	56	60	301	302	307	308	23	24	25	77	80	101	149	281	
Cluster 2: 256	185	186	187	188	193	194	201	202	215	216	218	220	223	224	225	245	246	255	285	286	211	212	277	278	291	292	154	226	219	147	148	17	18	
Cluster 3: 4	64	156	217	3	35	36	47	48	49	50	51	52	59	61	62	63	65	66	89	90	105	106	114	125	126	145	146	155	157	158	205	206	321	322	10	29	30	153	
Cluster 4: 181	70	71	75	76	107	108	110	123	124	133	134	178	182	192	197	198	207	227	231	233	234	240	267	273	274	293	294	40	93	94	140	177	263	264	287	15	97	98	103	104	257	258	1	5	6	9	16	19	20	39	45	46	69	79	81	82	87	88	95	96	99	100	102	109	111	112	119	120	129	132	135	136	143	144	150	151	152	165	166	167	168	171	172	175	176	179	180	191	200	232	251	252	265	266	268	269	270	271	272	295	296	303	304	313	314	325	326	2	
k = 5, R = 7088, T = 0
CLUSTER-0 {size: 63, medoid: item71}
CLUSTER-1 {size: 46, medoid: item291}
CLUSTER-2 {size: 44, medoid: item59}
CLUSTER-3 {size: 63, medoid: item211}
CLUSTER-4 {size: 105, medoid: item279}
clustering_time: 93.9825 //in seconds
Silhouette: [0.0337244,0.343132,0.0399382,0.0842414,0.147195,0.129646]

Cluster 0: 71	7	8	11	12	23	24	36	37	38	47	48	49	50	54	63	64	72	147	148	159	160	235	236	264	282	283	284	295	296	299	300	303	304	311	312	319	320	263	26	29	31	32	35	95	96	103	104	105	137	154	301	302	30	117	118	1	2	21	22	122	57	58	153	
Cluster 1: 291	55	135	136	139	140	171	172	185	186	193	194	201	202	215	216	223	224	225	226	233	234	245	246	255	256	265	266	267	268	269	270	271	272	275	276	277	278	285	286	292	297	325	326	99	100	143	
Cluster 2: 59	10	33	34	43	44	91	92	125	126	131	132	161	162	253	254	15	16	25	27	28	45	46	56	60	97	98	106	138	146	195	196	200	219	220	309	310	13	14	101	102	145	94	321	322	
Cluster 3: 211	129	150	281	119	120	88	87	209	210	213	261	262	298	9	52	77	78	149	199	17	18	19	20	51	53	65	66	157	158	163	212	3	4	5	6	67	68	79	80	81	82	83	84	109	110	127	128	141	142	144	164	177	178	214	217	221	222	289	290	293	294	218	93	
Cluster 4: 279	39	40	130	231	232	315	316	238	179	180	107	230	155	156	237	86	85	133	134	229	61	62	73	74	75	76	90	108	113	114	115	116	121	151	152	239	240	307	323	324	111	112	173	174	197	198	203	204	205	206	287	288	308	317	41	42	69	70	89	123	124	165	166	168	169	170	175	176	181	182	183	184	187	188	189	190	191	192	207	208	227	228	241	243	244	247	248	249	250	251	252	257	258	259	260	273	274	280	305	306	313	314	318	242	167	
k = 5, R = 7088, T = 1
CLUSTER-0 {size: 82, medoid: item154}
CLUSTER-1 {size: 40, medoid: item80}
CLUSTER-2 {size: 51, medoid: item241}
CLUSTER-3 {size: 87, medoid: item258}
CLUSTER-4 {size: 61, medoid: item267}
clustering_time: 93.3953 //in seconds
Silhouette: [0.0188992,0.162919,0.290657,-0.0506979,0.280702,0.140496]

Cluster 0: 154	3	4	11	12	35	36	49	50	63	64	65	66	91	92	113	114	119	120	146	147	148	153	155	157	158	179	180	217	218	230	235	236	263	264	293	294	307	308	156	23	24	220	9	10	13	14	15	16	21	22	25	26	37	38	43	44	59	60	95	96	101	102	127	128	129	130	141	142	145	161	162	195	196	229	253	254	295	296	301	317	318	302	
Cluster 1: 80	1	2	33	34	39	40	77	78	85	86	131	135	136	139	140	149	150	159	160	171	172	177	178	209	210	213	214	290	297	298	303	304	315	316	319	320	323	324	289	79	
Cluster 2: 241	31	32	283	284	321	41	42	67	68	115	116	169	170	187	188	189	190	203	204	219	237	238	242	247	248	249	299	300	305	306	309	310	250	182	183	184	208	221	227	228	231	232	243	244	251	252	259	260	273	274	280	
Cluster 3: 258	29	30	56	76	84	89	90	97	98	133	134	211	212	322	47	48	105	106	125	5	6	17	18	27	28	51	53	54	55	57	58	61	62	71	72	73	74	75	81	82	83	87	88	99	100	103	104	109	110	112	123	124	126	137	138	143	144	163	164	165	166	167	168	173	174	175	176	181	191	192	199	200	205	206	207	222	239	240	257	279	281	282	287	288	313	314	111	
Cluster 4: 267	121	7	8	45	46	122	265	266	93	94	107	108	197	198	269	270	69	151	152	52	132	19	20	70	185	186	193	194	223	245	255	256	271	272	275	276	277	278	285	286	325	326	118	201	202	216	224	225	226	233	234	246	261	262	291	292	311	312	117	215	268	
k = 5, R = 7088, T = 2
CLUSTER-0 {size: 50, medoid: item296}
CLUSTER-1 {size: 113, medoid: item166}
CLUSTER-2 {size: 15, medoid: item159}
CLUSTER-3 {size: 77, medoid: item260}
CLUSTER-4 {size: 66, medoid: item22}
clustering_time: 93.3825 //in seconds
Silhouette: [0.218691,0.0976951,0.205951,0.149005,0.135505,0.161369]

Cluster 0: 296	1	2	5	6	45	46	93	107	108	109	110	135	136	149	150	151	152	173	174	178	195	196	197	198	239	240	263	264	269	270	271	272	293	294	295	297	298	303	304	94	69	70	125	130	132	79	171	172	111	80	
Cluster 1: 166	99	100	179	180	3	4	9	10	15	16	17	18	19	20	29	30	35	36	47	48	49	50	51	52	68	71	72	81	82	84	87	88	91	92	103	104	119	120	129	145	146	147	148	153	154	155	156	157	158	165	167	168	175	176	181	185	186	189	190	191	193	194	200	201	202	205	206	211	212	219	220	223	225	226	227	228	231	232	245	246	251	252	253	254	255	256	257	258	265	266	267	268	273	274	277	278	285	286	291	292	299	300	313	314	321	322	325	326	83	63	64	188	217	
Cluster 2: 159	323	324	214	78	85	139	140	213	229	289	290	160	177	86	77	
Cluster 3: 260	275	276	261	262	31	32	75	76	137	138	169	170	199	215	216	241	242	283	284	112	11	12	41	42	67	73	74	117	118	121	122	123	124	182	187	192	209	210	218	221	222	224	233	234	243	244	249	250	259	309	310	311	312	7	8	97	98	115	133	134	183	184	203	204	207	208	237	238	247	248	279	287	288	305	306	116	280	
Cluster 4: 22	39	40	114	13	14	33	34	113	56	59	65	66	89	90	23	24	25	27	28	37	38	43	44	95	96	101	102	235	236	281	282	301	302	307	308	316	319	320	55	57	58	60	61	62	105	106	126	143	144	26	53	54	127	128	131	141	142	162	163	164	230	315	317	318	161	21	
k = 10, R = 369, T = 0
CLUSTER-0 {size: 44, medoid: item255}
CLUSTER-1 {size: 44, medoid: item55}
CLUSTER-2 {size: 20, medoid: item192}
CLUSTER-3 {size: 31, medoid: item31}
CLUSTER-4 {size: 8, medoid: item220}
CLUSTER-5 {size: 17, medoid: item247}
CLUSTER-6 {size: 29, medoid: item198}
CLUSTER-7 {size: 49, medoid: item281}
CLUSTER-8 {size: 48, medoid: item109}
CLUSTER-9 {size: 26, medoid: item119}
clustering_time: 5.61958 //in seconds
Silhouette: [0.264133,0.138104,0.248855,0.190137,0.24907,0.318339,0.196157,0.352175,0.217838,0.229074,0.240388]

Cluster 0: 255	33	34	67	68	73	74	77	78	92	113	114	125	128	161	162	171	172	185	186	193	194	201	202	223	224	225	235	236	237	238	254	256	269	253	80	126	218	226	245	267	270	19	20	246	
Cluster 1: 55	3	4	25	27	29	30	35	56	59	63	64	97	98	103	104	107	108	133	134	137	138	146	155	156	177	178	231	232	239	240	297	298	299	300	28	1	2	26	36	45	118	153	287	304	
Cluster 2: 192	139	140	152	189	190	191	204	243	249	251	252	257	258	305	306	250	41	279	321	322	
Cluster 3: 31	12	6	7	8	32	40	53	54	88	129	130	143	213	214	217	222	293	294	317	318	87	84	132	323	324	210	295	221	142	309	5	
Cluster 4: 220	145	23	24	106	105	205	206	219	
Cluster 5: 247	42	89	90	101	102	124	151	184	187	188	227	228	248	313	280	121	265	
Cluster 6: 198	79	81	308	11	21	22	75	76	82	83	93	94	122	141	144	157	158	181	197	203	207	261	262	301	307	310	208	266	302	
Cluster 7: 281	268	283	159	160	127	215	216	320	180	43	44	47	48	51	52	91	135	136	147	148	163	164	179	212	233	234	263	272	275	276	277	278	282	284	285	286	291	292	319	325	326	271	211	264	15	16	17	18	71	
Cluster 8: 109	49	9	10	13	14	37	38	39	46	50	57	58	60	61	62	65	66	95	96	99	100	110	115	116	117	131	149	150	154	173	174	195	196	199	200	209	229	230	288	289	290	296	303	311	312	315	316	72	
Cluster 9: 119	69	70	85	86	111	112	120	123	165	166	167	169	170	175	176	182	183	241	242	244	259	260	273	274	314	168	
k = 10, R = 369, T = 1
CLUSTER-0 {size: 8, medoid: item297}
CLUSTER-1 {size: 29, medoid: item57}
CLUSTER-2 {size: 62, medoid: item182}
CLUSTER-3 {size: 5, medoid: item34}
CLUSTER-4 {size: 62, medoid: item152}
CLUSTER-5 {size: 21, medoid: item80}
CLUSTER-6 {size: 65, medoid: item176}
CLUSTER-7 {size: 20, medoid: item281}
CLUSTER-8 {size: 17, medoid: item179}
CLUSTER-9 {size: 27, medoid: item220}
clustering_time: 5.36461 //in seconds
Silhouette: [0.369432,0.144358,0.146962,0.376623,0.135745,0.162996,0.0808389,0.185998,0.171207,0.217909,0.199207]

Cluster 0: 297	139	177	178	298	140	209	289	290	
Cluster 1: 57	25	26	47	53	54	55	58	61	62	125	126	127	128	163	229	317	318	164	9	10	43	44	96	102	230	205	307	308	206	
Cluster 2: 182	41	42	71	72	91	92	115	116	138	170	181	183	184	187	188	189	190	203	204	207	208	231	232	279	280	283	284	287	288	299	300	169	223	224	233	234	117	118	123	124	134	165	166	202	215	216	221	222	241	242	243	247	248	259	260	273	274	314	11	12	75	76	
Cluster 3: 34	13	315	316	33	266	
Cluster 4: 152	301	5	6	7	8	14	19	20	21	22	23	24	45	46	69	70	93	94	95	101	107	108	121	122	129	130	132	141	142	149	150	161	162	195	196	197	198	253	254	255	256	261	262	263	264	265	269	270	271	272	275	276	285	286	295	296	302	303	304	319	320	151	
Cluster 5: 80	214	213	323	1	2	39	40	77	78	85	86	131	136	159	160	171	172	210	324	135	79	
Cluster 6: 176	103	104	217	218	73	74	88	99	100	174	225	226	239	240	245	246	15	16	18	31	32	52	81	82	83	84	87	109	110	111	112	119	120	137	146	153	154	167	168	173	175	191	192	200	201	227	228	244	251	252	257	258	277	278	291	292	305	306	311	312	313	211	212	267	268	
Cluster 7: 281	185	186	199	282	194	17	37	38	48	143	145	193	325	326	144	27	28	51	56	60	
Cluster 8: 179	293	133	235	236	35	36	49	97	98	113	114	155	156	294	180	50	59	
Cluster 9: 220	67	249	63	64	157	158	237	238	321	322	147	148	250	106	309	310	3	4	29	30	65	66	68	89	90	105	219	
k = 10, R = 369, T = 2
CLUSTER-0 {size: 28, medoid: item4}
CLUSTER-1 {size: 12, medoid: item24}
CLUSTER-2 {size: 44, medoid: item243}
CLUSTER-3 {size: 37, medoid: item22}
CLUSTER-4 {size: 18, medoid: item156}
CLUSTER-5 {size: 62, medoid: item257}
CLUSTER-6 {size: 31, medoid: item135}
CLUSTER-7 {size: 36, medoid: item234}
CLUSTER-8 {size: 24, medoid: item318}
CLUSTER-9 {size: 24, medoid: item240}
clustering_time: 5.62044 //in seconds
Silhouette: [0.181565,0.119965,0.176691,0.107364,0.12577,0.097819,0.109606,0.129778,0.154435,0.208797,0.141179]

Cluster 0: 4	47	157	158	90	3	35	36	89	219	126	15	16	49	50	125	145	218	10	146	48	59	147	148	186	205	206	321	322	
Cluster 1: 24	2	45	131	159	289	290	23	13	33	34	46	101	
Cluster 2: 243	11	12	31	41	42	67	68	73	74	83	84	92	122	137	138	187	189	203	204	220	237	238	244	247	248	249	250	253	254	299	305	306	309	310	32	115	116	117	118	183	208	259	260	280	
Cluster 3: 22	1	37	38	141	142	160	21	27	28	29	30	44	86	96	113	151	152	161	162	179	180	235	236	281	282	308	315	316	319	320	14	52	95	114	307	173	174	
Cluster 4: 156	65	66	63	64	97	98	103	104	105	106	217	287	288	9	109	133	134	155	
Cluster 5: 257	130	190	102	17	18	62	81	82	119	120	124	129	132	143	144	153	154	165	166	167	175	176	181	185	188	191	193	194	201	202	211	212	223	224	225	226	227	228	241	242	251	252	255	256	258	273	274	277	278	285	286	291	292	313	314	168	215	216	265	266	231	232	
Cluster 6: 135	99	149	150	111	112	77	78	79	80	107	110	136	139	140	171	172	177	178	197	213	214	269	270	272	295	296	108	325	326	100	271	
Cluster 7: 234	262	300	19	20	123	182	192	245	5	6	7	8	76	87	88	121	184	199	200	207	233	246	261	267	268	275	276	279	293	294	297	298	303	304	311	312	
Cluster 8: 318	51	43	56	57	58	60	301	302	61	230	25	85	163	164	229	26	54	55	127	323	324	53	128	317	
Cluster 9: 240	91	222	263	264	198	39	40	69	70	71	72	75	93	94	169	170	195	196	209	210	221	283	284	239	
k = 10, R = 7088, T = 0
CLUSTER-0 {size: 47, medoid: item19}
CLUSTER-1 {size: 96, medoid: item273}
CLUSTER-2 {size: 17, medoid: item245}
CLUSTER-3 {size: 21, medoid: item225}
CLUSTER-4 {size: 27, medoid: item59}
CLUSTER-5 {size: 21, medoid: item113}
CLUSTER-6 {size: 12, medoid: item171}
CLUSTER-7 {size: 16, medoid: item235}
CLUSTER-8 {size: 39, medoid: item311}
CLUSTER-9 {size: 20, medoid: item284}
clustering_time: 102.66 //in seconds
Silhouette: [0.0791406,0.159458,0.301916,0.42147,0.0538926,0.0909461,0.109824,0.137791,0.121103,0.175138,0.165068]

Cluster 0: 19	5	17	18	20	53	82	109	110	119	120	127	144	164	211	212	217	218	221	222	289	290	6	129	80	209	210	261	297	298	9	149	150	199	294	79	141	142	128	177	178	293	23	163	262	26	157	158	
Cluster 1: 273	61	62	85	86	94	103	104	105	111	112	115	116	123	124	165	166	167	168	169	170	173	174	175	176	181	182	183	184	187	188	189	190	191	192	203	204	205	206	207	208	227	228	231	232	239	240	241	242	243	244	247	248	249	250	251	252	258	259	260	274	279	280	287	305	308	313	314	317	318	306	315	316	95	96	288	47	299	300	257	39	40	89	90	229	323	324	155	156	35	36	117	118	307	133	134	48	
Cluster 2: 245	87	88	99	100	201	202	215	216	233	234	246	271	272	275	285	286	276	
Cluster 3: 225	135	136	185	186	193	194	223	224	226	255	256	267	268	269	270	277	278	291	292	325	326	
Cluster 4: 59	137	138	321	322	13	14	15	16	25	27	28	29	30	46	56	60	97	98	102	106	195	200	45	125	301	302	101	
Cluster 5: 113	196	1	2	11	12	21	22	31	32	42	63	75	76	114	41	33	34	78	147	148	64	
Cluster 6: 171	81	83	84	143	55	139	140	172	213	214	265	266	
Cluster 7: 235	70	49	50	65	66	69	77	161	162	179	180	237	238	253	254	236	
Cluster 8: 311	10	130	131	132	219	220	121	122	3	4	107	108	197	198	230	7	8	24	37	38	57	58	91	92	145	146	151	152	153	154	159	160	303	309	310	312	304	71	72	
Cluster 9: 284	54	93	126	44	51	296	43	52	67	68	73	74	263	264	281	282	295	319	320	283	
k = 10, R = 7088, T = 1
CLUSTER-0 {size: 45, medoid: item22}
CLUSTER-1 {size: 49, medoid: item243}
CLUSTER-2 {size: 12, medoid: item215}
CLUSTER-3 {size: 47, medoid: item258}
CLUSTER-4 {size: 17, medoid: item304}
CLUSTER-5 {size: 18, medoid: item80}
CLUSTER-6 {size: 30, medoid: item147}
CLUSTER-7 {size: 29, medoid: item57}
CLUSTER-8 {size: 31, medoid: item268}
CLUSTER-9 {size: 38, medoid: item75}
clustering_time: 102.718 //in seconds
Silhouette: [0.09942,0.232142,0.234622,0.0112279,0.192241,0.199052,0.120068,0.250306,0.129844,0.157666,0.162659]

Cluster 0: 22	13	14	21	37	38	39	40	43	44	86	96	130	229	230	263	264	295	296	315	316	319	320	95	152	1	2	23	24	178	195	196	197	198	177	9	10	141	142	161	162	282	113	235	236	85	
Cluster 1: 243	67	170	182	183	184	203	204	249	250	259	260	299	300	305	115	116	187	188	189	190	208	228	231	232	241	242	244	273	274	279	280	306	237	238	247	248	287	288	169	181	137	138	207	218	227	110	72	91	92	
Cluster 2: 215	118	201	202	117	234	312	223	224	225	226	216	256	
Cluster 3: 258	281	68	123	98	124	27	28	81	82	83	84	87	88	103	104	111	112	143	144	165	166	167	168	175	176	191	192	199	205	211	212	217	251	252	313	314	321	322	15	16	17	18	109	97	119	120	257	
Cluster 4: 304	33	34	45	46	93	94	107	108	132	149	209	210	297	298	303	311	150	
Cluster 5: 80	131	135	136	171	172	77	78	79	139	140	159	160	213	214	290	289	323	324	
Cluster 6: 147	309	106	310	29	30	307	308	3	4	35	36	49	50	63	64	65	89	90	148	153	154	157	158	219	220	66	145	41	42	114	
Cluster 7: 57	302	102	51	206	59	105	129	301	48	47	56	60	25	26	53	54	55	58	61	62	101	125	126	127	163	164	318	128	317	
Cluster 8: 268	233	261	262	265	266	275	276	19	20	146	185	186	193	194	245	246	255	267	269	270	271	272	277	278	285	286	291	292	325	326	52	
Cluster 9: 75	121	69	70	99	100	151	239	240	122	173	174	254	5	6	7	8	11	12	31	32	71	73	74	133	134	155	156	179	180	200	221	222	253	283	293	294	284	76	
k = 10, R = 7088, T = 2
CLUSTER-0 {size: 8, medoid: item226}
CLUSTER-1 {size: 25, medoid: item186}
CLUSTER-2 {size: 37, medoid: item241}
CLUSTER-3 {size: 53, medoid: item166}
CLUSTER-4 {size: 17, medoid: item213}
CLUSTER-5 {size: 60, medoid: item99}
CLUSTER-6 {size: 32, medoid: item58}
CLUSTER-7 {size: 3, medoid: item324}
CLUSTER-8 {size: 38, medoid: item236}
CLUSTER-9 {size: 43, medoid: item279}
clustering_time: 107.642 //in seconds
Silhouette: [0.456766,0.078131,0.165225,0.101922,0.265911,0.10138,0.184598,0.515601,0.0698956,0.128409,0.206784]

Cluster 0: 226	201	202	216	223	224	225	215	219	
Cluster 1: 186	3	4	65	66	153	154	155	156	185	194	217	218	245	246	255	256	285	286	291	292	325	326	193	109	200	
Cluster 2: 241	117	118	188	321	322	12	41	42	68	187	189	220	249	250	305	306	309	310	169	190	242	244	204	67	83	84	170	228	273	299	300	11	243	203	237	238	247	
Cluster 3: 166	212	10	147	148	258	277	278	9	15	16	17	18	31	32	52	71	72	81	82	119	120	145	146	165	167	168	179	180	181	211	227	231	251	252	253	254	257	274	283	284	232	103	104	175	176	313	314	48	157	158	205	63	64	
Cluster 4: 213	77	78	80	86	107	108	139	140	159	160	171	172	177	178	214	289	290	
Cluster 5: 99	267	268	1	2	5	6	13	14	19	20	45	46	69	70	79	87	88	91	92	93	94	100	130	132	135	136	149	150	151	152	173	174	195	196	221	222	239	240	261	262	263	264	265	266	269	270	271	272	275	276	282	295	296	297	298	303	304	39	40	129	
Cluster 6: 58	25	26	43	51	53	54	55	56	59	60	61	62	101	102	126	127	128	143	144	163	164	206	281	301	302	317	318	29	30	44	47	57	
Cluster 7: 324	85	229	323	
Cluster 8: 236	141	23	24	162	197	198	105	230	307	308	315	316	21	22	27	33	34	35	36	37	38	49	50	89	90	95	96	106	113	114	125	131	142	161	235	319	320	28	
Cluster 9: 279	199	75	76	137	138	191	121	122	209	210	233	234	293	294	311	312	123	124	182	192	259	260	7	8	73	74	111	112	207	97	98	110	116	133	134	183	184	208	248	287	288	115	280	
k = 15, R = 369, T = 0
CLUSTER-0 {size: 26, medoid: item256}
CLUSTER-1 {size: 48, medoid: item232}
CLUSTER-2 {size: 42, medoid: item119}
CLUSTER-3 {size: 19, medoid: item319}
CLUSTER-4 {size: 11, medoid: item326}
CLUSTER-5 {size: 9, medoid: item145}
CLUSTER-6 {size: 29, medoid: item293}
CLUSTER-7 {size: 10, medoid: item125}
CLUSTER-8 {size: 16, medoid: item45}
CLUSTER-9 {size: 23, medoid: item99}
CLUSTER-10 {size: 30, medoid: item321}
CLUSTER-11 {size: 17, medoid: item282}
CLUSTER-12 {size: 16, medoid: item57}
CLUSTER-13 {size: 13, medoid: item203}
CLUSTER-14 {size: 2, medoid: item286}
clustering_time: 6.31488 //in seconds
Silhouette: [0.188522,0.053165,0.159301,0.353739,0.330537,0.174605,0.119426,0.308884,0.179582,0.213877,0.303775,0.244223,0.328272,0.237271,0.656119,0.256753]

Cluster 0: 256	19	20	33	34	54	73	74	78	128	172	185	186	223	224	225	235	238	255	269	236	77	171	237	254	113	194	
Cluster 1: 232	1	2	24	25	27	28	30	35	36	50	55	56	63	64	98	100	103	104	110	118	133	134	137	154	155	156	231	239	240	287	288	300	304	26	29	106	4	9	13	39	107	108	299	315	316	14	311	96	
Cluster 2: 119	21	69	70	75	82	83	85	86	93	94	101	111	112	120	122	123	144	165	166	167	168	169	170	175	176	181	182	183	207	208	241	242	243	244	259	260	273	274	301	302	305	314	
Cluster 3: 319	92	226	245	246	267	270	180	193	215	216	268	283	284	320	292	127	179	291	263	
Cluster 4: 326	44	271	275	277	278	325	276	233	234	264	272	
Cluster 5: 145	10	105	146	205	206	219	220	261	15	
Cluster 6: 293	53	262	11	12	22	31	84	88	132	141	142	197	198	221	294	295	307	308	309	310	222	32	87	6	40	129	143	317	324	
Cluster 7: 125	79	80	126	161	162	201	202	217	218	253	
Cluster 8: 45	117	153	46	59	195	289	290	297	298	60	18	97	138	177	178	303	
Cluster 9: 99	173	213	7	8	174	196	214	3	5	17	62	65	71	72	109	130	131	200	296	312	199	49	210	
Cluster 10: 321	102	121	124	184	188	189	190	191	192	228	279	306	227	257	258	322	41	42	139	151	152	187	247	248	280	313	89	90	249	250	
Cluster 11: 282	16	159	211	160	43	47	48	51	52	135	136	147	148	164	212	163	281	
Cluster 12: 57	150	58	61	149	95	116	37	38	115	23	66	209	229	230	323	318	
Cluster 13: 203	81	265	266	67	68	76	114	140	157	158	204	251	252	
Cluster 14: 286	285	91	
k = 15, R = 369, T = 1
CLUSTER-0 {size: 16, medoid: item79}
CLUSTER-1 {size: 42, medoid: item167}
CLUSTER-2 {size: 24, medoid: item162}
CLUSTER-3 {size: 3, medoid: item308}
CLUSTER-4 {size: 13, medoid: item271}
CLUSTER-5 {size: 17, medoid: item107}
CLUSTER-6 {size: 35, medoid: item300}
CLUSTER-7 {size: 30, medoid: item246}
CLUSTER-8 {size: 9, medoid: item86}
CLUSTER-9 {size: 34, medoid: item84}
CLUSTER-10 {size: 7, medoid: item47}
CLUSTER-11 {size: 0, medoid: item214}
CLUSTER-12 {size: 14, medoid: item149}
CLUSTER-13 {size: 34, medoid: item44}
CLUSTER-14 {size: 33, medoid: item244}
clustering_time: 5.96551 //in seconds
Silhouette: [0.280341,0.0143603,0.075044,0.450985,0.290098,0.194216,0.148598,0.178837,0.328538,0.0699251,0.277209,1,0.109065,0.0630637,0.358124,0.255894]

Cluster 0: 79	80	131	135	136	139	140	160	177	289	290	297	298	159	171	172	213	
Cluster 1: 167	15	16	30	63	64	65	66	81	82	89	90	103	104	105	106	119	120	147	148	157	158	165	166	187	188	217	218	219	220	249	250	251	252	310	313	314	168	91	92	137	4	3	
Cluster 2: 162	21	22	93	94	129	130	141	142	151	152	161	178	195	196	197	198	253	254	275	276	301	302	315	316	
Cluster 3: 308	125	235	307	
Cluster 4: 271	185	186	269	270	272	285	286	121	122	100	199	282	99	
Cluster 5: 107	5	6	13	14	19	20	23	24	209	210	295	296	303	304	319	320	108	
Cluster 6: 300	68	117	118	321	322	41	42	67	71	72	115	116	123	170	183	184	203	204	237	238	247	248	259	260	273	274	279	280	283	284	287	288	299	309	169	
Cluster 7: 246	255	256	11	12	69	70	87	88	233	234	221	222	267	268	75	76	200	201	202	215	216	223	224	225	226	291	292	311	312	245	
Cluster 8: 86	2	39	40	1	77	85	323	324	78	
Cluster 9: 84	98	17	18	27	28	31	32	51	52	56	59	60	97	133	134	143	144	145	146	155	156	179	180	193	194	211	212	277	278	281	325	326	83	36	
Cluster 10: 47	48	53	55	128	163	164	206	
Cluster 11: 214	
Cluster 12: 149	7	8	33	34	45	46	132	150	261	262	265	266	293	294	
Cluster 13: 44	9	10	25	26	29	35	37	38	43	49	50	54	57	58	61	62	95	96	101	102	113	114	126	127	153	154	205	229	230	236	263	264	317	318	
Cluster 14: 244	239	73	74	138	109	110	111	112	124	173	174	175	176	181	182	189	190	191	192	207	208	227	228	231	232	240	241	242	243	257	258	305	306	
k = 15, R = 369, T = 2
CLUSTER-0 {size: 59, medoid: item100}
CLUSTER-1 {size: 17, medoid: item306}
CLUSTER-2 {size: 14, medoid: item284}
CLUSTER-3 {size: 18, medoid: item58}
CLUSTER-4 {size: 38, medoid: item166}
CLUSTER-5 {size: 25, medoid: item4}
CLUSTER-6 {size: 4, medoid: item160}
CLUSTER-7 {size: 17, medoid: item52}
CLUSTER-8 {size: 30, medoid: item21}
CLUSTER-9 {size: 15, medoid: item297}
CLUSTER-10 {size: 33, medoid: item260}
CLUSTER-11 {size: 3, medoid: item118}
CLUSTER-12 {size: 4, medoid: item324}
CLUSTER-13 {size: 29, medoid: item256}
CLUSTER-14 {size: 5, medoid: item8}
clustering_time: 6.32984 //in seconds
Silhouette: [0.068634,0.303429,0.22265,0.297205,0.172233,0.170399,0.486152,0.149094,0.166683,0.190377,0.165717,0.551801,0.405877,0.181308,0.251459,0.252201]

Cluster 0: 100	1	2	23	45	69	70	77	79	80	88	93	94	99	103	104	107	108	109	110	111	112	135	136	139	140	149	150	171	172	173	174	197	269	270	271	272	303	304	325	326	296	39	40	46	207	295	71	263	264	87	19	20	151	176	265	152	268	267	5	
Cluster 1: 306	11	12	41	42	67	68	187	189	203	204	237	238	249	250	309	310	305	
Cluster 2: 284	198	294	91	92	169	170	195	196	239	240	253	254	275	283	
Cluster 3: 58	25	54	55	56	60	61	62	163	164	281	301	302	318	57	26	53	317	128	
Cluster 4: 166	81	82	191	72	299	300	119	120	129	130	144	165	175	181	231	232	266	313	314	9	10	15	16	17	18	143	205	241	242	251	252	167	168	190	227	228	257	258	
Cluster 5: 4	105	3	35	36	63	64	65	66	89	90	145	155	156	217	218	47	49	50	106	126	146	157	158	206	48	
Cluster 6: 160	78	159	213	214	
Cluster 7: 52	95	96	102	27	28	29	30	51	59	97	98	114	125	132	153	179	180	
Cluster 8: 21	289	290	24	22	43	308	101	307	141	142	86	38	162	44	161	282	13	14	113	235	236	33	131	316	319	34	37	315	320	230	
Cluster 9: 297	83	84	199	200	209	210	221	222	233	261	262	276	76	298	75	
Cluster 10: 260	121	287	288	31	32	73	74	115	116	122	123	124	133	134	137	138	182	183	184	192	208	234	243	244	247	248	273	274	279	280	311	312	259	
Cluster 11: 118	117	321	322	
Cluster 12: 324	85	229	323	127	
Cluster 13: 256	188	219	220	147	148	154	185	186	193	194	201	202	211	212	215	216	223	224	225	226	245	246	255	277	278	285	286	291	292	
Cluster 14: 8	177	6	293	7	178	
k = 15, R = 7088, T = 0
CLUSTER-0 {size: 13, medoid: item155}
CLUSTER-1 {size: 5, medoid: item102}
CLUSTER-2 {size: 23, medoid: item225}
CLUSTER-3 {size: 23, medoid: item75}
CLUSTER-4 {size: 13, medoid: item63}
CLUSTER-5 {size: 9, medoid: item99}
CLUSTER-6 {size: 11, medoid: item213}
CLUSTER-7 {size: 24, medoid: item254}
CLUSTER-8 {size: 13, medoid: item245}
CLUSTER-9 {size: 50, medoid: item318}
CLUSTER-10 {size: 23, medoid: item165}
CLUSTER-11 {size: 28, medoid: item9}
CLUSTER-12 {size: 57, medoid: item257}
CLUSTER-13 {size: 6, medoid: item205}
CLUSTER-14 {size: 13, medoid: item82}
clustering_time: 114.096 //in seconds
Silhouette: [0.218063,0.305826,0.28708,0.0586219,0.118099,0.205072,0.196081,0.151739,0.46216,0.00217722,0.143029,0.0983977,0.278731,0.327575,0.151496,0.200277]

Cluster 0: 155	133	134	156	177	178	230	229	117	118	3	4	221	222	
Cluster 1: 102	101	200	219	301	302	
Cluster 2: 225	185	186	194	223	224	226	255	256	267	268	269	270	277	278	291	292	325	326	193	135	136	265	266	
Cluster 3: 75	11	12	21	22	33	34	52	73	74	78	89	90	97	98	113	114	161	162	76	196	7	37	38	
Cluster 4: 63	15	16	40	64	147	148	195	197	198	220	315	316	39	
Cluster 5: 99	56	87	88	100	119	120	84	55	83	
Cluster 6: 213	139	140	171	172	209	214	289	290	210	298	297	
Cluster 7: 254	31	32	43	44	45	59	69	70	77	91	92	130	235	236	253	263	264	281	282	283	284	295	319	320	
Cluster 8: 245	275	276	201	202	215	216	233	234	246	271	272	285	286	
Cluster 9: 318	296	159	160	307	141	60	131	14	35	36	49	50	57	58	65	66	105	107	108	115	116	125	126	145	146	153	154	173	174	179	180	237	238	287	288	303	308	309	310	311	312	321	322	317	323	324	127	85	86	128	
Cluster 10: 165	13	1	2	228	243	244	25	27	28	29	95	96	103	104	106	137	138	166	169	170	241	242	30	
Cluster 11: 9	79	142	80	46	132	212	164	261	262	8	10	17	18	19	20	24	149	150	163	199	211	293	294	304	23	129	157	158	
Cluster 12: 257	41	42	71	61	62	227	72	314	122	167	168	181	182	189	190	151	152	121	175	207	208	279	280	299	300	26	111	112	123	124	176	183	184	187	188	192	203	231	232	239	240	247	248	249	250	251	252	258	259	260	273	274	305	306	313	204	191	
Cluster 13: 205	54	47	48	93	94	206	
Cluster 14: 82	51	5	6	109	110	218	144	67	68	217	53	143	81	
k = 15, R = 7088, T = 1
CLUSTER-0 {size: 4, medoid: item132}
CLUSTER-1 {size: 8, medoid: item180}
CLUSTER-2 {size: 16, medoid: item317}
CLUSTER-3 {size: 25, medoid: item147}
CLUSTER-4 {size: 15, medoid: item253}
CLUSTER-5 {size: 8, medoid: item47}
CLUSTER-6 {size: 1, medoid: item311}
CLUSTER-7 {size: 19, medoid: item80}
CLUSTER-8 {size: 30, medoid: item22}
CLUSTER-9 {size: 26, medoid: item284}
CLUSTER-10 {size: 45, medoid: item258}
CLUSTER-11 {size: 42, medoid: item231}
CLUSTER-12 {size: 23, medoid: item107}
CLUSTER-13 {size: 42, medoid: item268}
CLUSTER-14 {size: 7, medoid: item301}
clustering_time: 128.371 //in seconds
Silhouette: [0.278923,0.202045,0.156327,0.16062,0.178183,0.241377,0.912018,0.285918,0.117175,0.0961314,-0.0385716,0.324037,0.174095,0.241727,0.364358,0.246291]

Cluster 0: 132	33	130	131	34	
Cluster 1: 180	155	156	179	293	294	321	307	308	
Cluster 2: 317	26	54	55	57	58	127	128	163	164	318	53	25	62	85	323	324	
Cluster 3: 147	3	4	35	36	49	50	157	158	65	66	153	63	64	220	154	114	106	219	29	30	89	90	309	310	148	
Cluster 4: 253	9	10	17	18	31	32	145	146	173	174	254	235	236	7	8	
Cluster 5: 47	59	60	48	56	105	206	125	126	
Cluster 6: 311	312	
Cluster 7: 80	149	150	77	78	79	135	136	140	159	160	171	172	213	214	289	290	297	298	139	
Cluster 8: 22	37	38	141	142	282	13	14	21	23	24	39	40	44	86	95	96	113	161	162	229	230	263	295	296	315	316	319	320	264	43	
Cluster 9: 284	119	97	98	75	76	92	73	74	120	133	221	222	12	41	42	134	200	11	237	248	91	283	238	247	287	288	
Cluster 10: 258	217	218	15	16	83	211	212	84	322	51	87	88	144	109	281	205	27	28	81	82	103	111	112	143	175	176	191	199	314	104	67	68	137	138	167	168	257	305	306	313	99	100	110	239	240	
Cluster 11: 231	71	72	115	116	123	124	165	166	169	170	181	182	183	184	187	188	190	192	203	204	207	208	227	228	232	241	242	243	244	249	250	251	252	259	260	273	274	279	280	299	300	189	
Cluster 12: 107	151	152	195	196	209	210	177	93	94	178	197	198	5	6	45	46	69	70	108	121	303	304	122	
Cluster 13: 268	117	118	266	19	20	52	185	186	193	194	201	202	215	216	223	224	225	226	233	234	246	255	256	261	262	265	267	269	270	271	272	275	276	277	278	285	286	291	292	325	326	245	
Cluster 14: 301	129	1	2	61	102	302	101	
k = 15, R = 7088, T = 2
CLUSTER-0 {size: 15, medoid: item206}
CLUSTER-1 {size: 18, medoid: item25}
CLUSTER-2 {size: 57, medoid: item273}
CLUSTER-3 {size: 3, medoid: item324}
CLUSTER-4 {size: 20, medoid: item4}
CLUSTER-5 {size: 23, medoid: item326}
CLUSTER-6 {size: 23, medoid: item112}
CLUSTER-7 {size: 7, medoid: item110}
CLUSTER-8 {size: 15, medoid: item211}
CLUSTER-9 {size: 13, medoid: item80}
CLUSTER-10 {size: 49, medoid: item99}
CLUSTER-11 {size: 22, medoid: item204}
CLUSTER-12 {size: 7, medoid: item108}
CLUSTER-13 {size: 24, medoid: item319}
CLUSTER-14 {size: 15, medoid: item236}
clustering_time: 114.235 //in seconds
Silhouette: [0.221867,0.238151,0.0674365,0.529247,0.221892,0.200605,0.128485,0.283077,0.109235,0.157454,0.0762297,0.167812,0.281378,0.141839,0.123563,0.196551]

Cluster 0: 206	29	30	47	48	56	59	105	106	126	143	153	205	144	60	51	
Cluster 1: 25	301	302	26	43	53	54	55	57	58	61	62	127	128	164	317	318	163	44	
Cluster 2: 273	11	12	31	32	75	76	81	82	97	98	123	124	137	138	155	156	165	166	167	168	182	188	223	224	225	226	228	231	232	241	242	243	244	251	252	257	258	259	260	274	279	280	313	227	215	216	299	300	83	283	284	117	118	189	190	311	312	
Cluster 3: 324	229	85	323	
Cluster 4: 4	49	50	217	3	35	36	63	64	89	90	147	148	219	321	322	220	65	66	157	158	
Cluster 5: 326	281	245	246	15	16	185	186	193	194	277	278	285	325	286	10	291	292	269	233	267	268	271	272	
Cluster 6: 112	8	73	74	192	209	210	103	104	175	176	181	183	184	191	199	200	207	293	294	303	304	111	7	
Cluster 7: 110	133	134	173	174	287	288	109	
Cluster 8: 211	314	9	17	18	52	84	145	146	154	201	202	255	256	212	129	
Cluster 9: 80	77	78	79	86	135	136	139	140	171	172	213	214	270	
Cluster 10: 99	1	2	5	6	13	14	19	20	45	46	69	70	71	72	87	88	91	92	119	120	121	122	149	150	151	152	195	196	221	222	234	239	240	253	254	261	262	265	266	275	276	282	295	296	297	298	100	130	132	
Cluster 11: 204	68	169	170	208	218	41	42	67	115	116	187	203	237	238	247	248	250	305	306	309	310	249	
Cluster 12: 108	141	142	177	178	197	198	107	
Cluster 13: 319	21	22	23	24	33	34	37	38	39	40	93	94	131	159	160	161	162	263	264	289	290	315	316	320	
Cluster 14: 236	101	102	179	113	95	96	125	307	308	230	28	114	180	235	27	
